id,predicted
0,19
1,1
2,14
3,14
4,19
5,1
6,28
7,8
8,1
9,1
10,41
11,0
12,19
13,3
14,12
15,19
16,1
17,20
18,14
19,8
20,0
21,46
22,6
23,0
24,0
25,12
26,16
27,1
28,0
29,8
30,9
31,0
32,1
33,0
34,6
35,12
36,12
37,3
38,1
39,22
40,6
41,25
42,6
43,0
44,8
45,0
46,11
47,0
48,1
49,11
50,19
51,16
52,0
53,16
54,1
55,4
56,0
57,24
58,16
59,1
60,0
61,4
62,11
63,9
64,320
65,56
66,28
67,22
68,14
69,67
70,14
71,3
72,4
73,16
74,4
75,0
76,3
77,11
78,0
79,0
80,0
81,1
82,12
83,16
84,9
85,38
86,52
87,3
88,11
89,20
90,3
91,1
92,11
93,0
94,16
95,1
96,1
97,14
98,0
99,8
100,41
101,62
102,0
103,22
104,11
105,8
106,1
107,14
108,19
109,22
110,35
111,16
112,27
113,3
114,20
115,3
116,3
117,8
118,16
119,14
120,4
121,35
122,8
123,0
124,14
125,6
126,12
127,0
128,17
129,0
130,8
131,4
132,38
133,3
134,0
135,1
136,1
137,12
138,11
139,0
140,3
141,0
142,9
143,0
144,8
145,25
146,22
147,17
148,12
149,8
150,0
151,0
152,4
153,0
154,11
155,0
156,0
157,20
158,0
159,8
160,17
161,8
162,9
163,8
164,51
165,1
166,14
167,11
168,0
169,8
170,24
171,4
172,27
173,0
174,4
175,14
176,9
177,17
178,17
179,1
180,1
181,9
182,11
183,14
184,4
185,14
186,16
187,9
188,3
189,0
190,19
191,0
192,1
193,1
194,6
195,16
196,11
197,11
198,1
199,3
200,0
201,0
202,1
203,32
204,16
205,1
206,12
207,1
208,1
209,8
210,1
211,0
212,3
213,0
214,0
215,8
216,1
217,3
218,4
219,92
220,9
221,11
222,11
223,9
224,14
225,40
226,51
227,16
228,0
229,3
230,4
231,9
232,9
233,22
234,20
235,20
236,11
237,8
238,24
239,33
240,11
241,44
242,1
243,25
244,14
245,1
246,0
247,0
248,0
249,99
250,6
251,6
252,30
253,0
254,62
255,14
256,16
257,0
258,19
259,0
260,8
261,22
262,6
263,11
264,4
265,0
266,142
267,17
268,4
269,0
270,41
271,12
272,20
273,3
274,4
275,0
276,27
277,3
278,32
279,32
280,8
281,11
282,1
283,0
284,6
285,3
286,0
287,3
288,4
289,3
290,0
291,20
292,6
293,22
294,16
295,3
296,52
297,28
298,1
299,14
300,0
301,3
302,1
303,0
304,14
305,17
306,1
307,49
308,19
309,1
310,3
311,9
312,6
313,33
314,0
315,1
316,11
317,1
318,1
319,12
320,3
321,11
322,57
323,19
324,11
325,27
326,3
327,0
328,17
329,3
330,8
331,9
332,19
333,8
334,0
335,9
336,12
337,8
338,17
339,0
340,3
341,1
342,38
343,17
344,14
345,19
346,14
347,48
348,20
349,4
350,0
351,8
352,0
353,11
354,11
355,1
356,8
357,19
358,20
359,11
360,0
361,1
362,1
363,16
364,12
365,3
366,6
367,41
368,0
369,0
370,3
371,12
372,0
373,8
374,1
375,17
376,1
377,16
378,4
379,9
380,6
381,16
382,8
383,3
384,25
385,4
386,0
387,16
388,9
389,16
390,38
391,4
392,3
393,20
394,41
395,4
396,14
397,51
398,0
399,0
400,1
401,0
402,0
403,11
404,1
405,1
406,41
407,11
408,0
409,9
410,1
411,3
412,1
413,19
414,9
415,0
416,1
417,8
418,6
419,8
420,0
421,0
422,0
423,62
424,12
425,8
426,12
427,20
428,3
429,14
430,0
431,1
432,6
433,12
434,0
435,41
436,0
437,30
438,4
439,9
440,17
441,14
442,6
443,20
444,8
445,6
446,19
447,0
448,14
449,11
450,0
451,46
452,1
453,0
454,4
455,9
456,1
457,0
458,1
459,0
460,8
461,0
462,0
463,6
464,8
465,57
466,4
467,3
468,8
469,0
470,1
471,11
472,16
473,0
474,8
475,19
476,4
477,1
478,12
479,3
480,6
481,6
482,17
483,0
484,3
485,3
486,19
487,0
488,6
489,20
490,8
491,0
492,12
493,8
494,0
495,1
496,1
497,8
498,35
499,12
500,4
501,8
502,3
503,1
504,0
505,16
506,6
507,1
508,0
509,33
510,12
511,0
512,40
513,1
514,11
515,4
516,44
517,0
518,11
519,12
520,54
521,35
522,9
523,11
524,6
525,0
526,14
527,4
528,3
529,3
530,8
531,27
532,49
533,12
534,30
535,1
536,12
537,40
538,1
539,9
540,57
541,0
542,3
543,1
544,0
545,43
546,6
547,11
548,11
549,8
550,8
551,19
552,20
553,0
554,6
555,3
556,4
557,9
558,0
559,0
560,4
561,12
562,4
563,20
564,8
565,14
566,0
567,19
568,1
569,9
570,4
571,1
572,0
573,0
574,81
575,41
576,12
577,0
578,3
579,30
580,1
581,1
582,6
583,1
584,8
585,20
586,14
587,1
588,20
589,0
590,11
591,20
592,20
593,17
594,14
595,3
596,0
597,44
598,11
599,8
600,0
601,12
602,27
603,0
604,0
605,0
606,3
607,3
608,4
609,11
610,0
611,16
612,0
613,9
614,4
615,22
616,14
617,4
618,8
619,16
620,27
621,1
622,3
623,14
624,11
625,4
626,12
627,6
628,0
629,0
630,12
631,1
632,0
633,19
634,9
635,4
636,0
637,0
638,16
639,8
640,3
641,0
642,3
643,12
644,0
645,8
646,16
647,33
648,8
649,11
650,3
651,56
652,1
653,0
654,9
655,14
656,17
657,0
658,11
659,6
660,3
661,12
662,0
663,1
664,1
665,14
666,1
667,6
668,16
669,56
670,0
671,3
672,11
673,4
674,76
675,3
676,4
677,0
678,0
679,0
680,6
681,6
682,8
683,46
684,0
685,0
686,11
687,1
688,1
689,16
690,6
691,16
692,1
693,3
694,6
695,4
696,3
697,12
698,1
699,6
700,9
701,0
702,59
703,16
704,6
705,1
706,3
707,9
708,4
709,8
710,16
711,6
712,14
713,14
714,0
715,16
716,3
717,0
718,27
719,17
720,4
721,11
722,1
723,27
724,25
725,0
726,0
727,14
728,1
729,9
730,1
731,19
732,16
733,9
734,4
735,14
736,8
737,1
738,27
739,0
740,3
741,0
742,0
743,22
744,16
745,4
746,17
747,0
748,19
749,24
750,14
751,0
752,9
753,3
754,6
755,12
756,6
757,12
758,11
759,3
760,28
761,6
762,3
763,12
764,8
765,4
766,19
767,3
768,6
769,0
770,3
771,8
772,0
773,30
774,0
775,1
776,8
777,9
778,11
779,14
780,3
781,11
782,0
783,19
784,48
785,1
786,24
787,9
788,0
789,3
790,19
791,28
792,1
793,6
794,0
795,16
796,0
797,11
798,1
799,19
800,4
801,4
802,0
803,6
804,4
805,43
806,8
807,0
808,3
809,0
810,16
811,11
812,0
813,25
814,4
815,1
816,19
817,0
818,20
819,1
820,9
821,8
822,0
823,8
824,6
825,22
826,6
827,12
828,1
829,1
830,11
831,12
832,6
833,12
834,19
835,11
836,0
837,11
838,14
839,16
840,0
841,22
842,6
843,4
844,11
845,9
846,8
847,1
848,0
849,3
850,4
851,17
852,9
853,33
854,1
855,19
856,6
857,17
858,11
859,12
860,3
861,6
862,4
863,49
864,27
865,0
866,3
867,1
868,1
869,1
870,6
871,1
872,0
873,14
874,3
875,8
876,11
877,9
878,44
879,0
880,49
881,4
882,0
883,1
884,3
885,52
886,1
887,19
888,1
889,17
890,17
891,17
892,17
893,0
894,24
895,17
896,11
897,1
898,3
899,0
900,0
901,8
902,32
903,43
904,4
905,0
906,32
907,3
908,40
909,20
910,6
911,17
912,6
913,1
914,8
915,72
916,3
917,4
918,16
919,6
920,14
921,0
922,19
923,1
924,1
925,35
926,9
927,0
928,8
929,1
930,0
931,8
932,0
933,22
934,4
935,3
936,1
937,0
938,25
939,22
940,4
941,14
942,14
943,1
944,0
945,16
946,24
947,1
948,4
949,4
950,0
951,28
952,1
953,3
954,28
955,1
956,8
957,0
958,0
959,25
960,9
961,6
962,3
963,11
964,22
965,3
966,0
967,25
968,12
969,0
970,0
971,44
972,11
973,17
974,22
975,0
976,1
977,16
978,17
979,38
980,6
981,22
982,4
983,0
984,1
985,17
986,6
987,25
988,1
989,4
990,4
991,6
992,8
993,6
994,3
995,0
996,6
997,20
998,4
999,0
1000,20
1001,0
1002,6
1003,60
1004,1
1005,22
1006,11
1007,25
1008,3
1009,11
1010,19
1011,0
1012,6
1013,24
1014,0
1015,19
1016,1
1017,25
1018,6
1019,22
1020,1
1021,6
1022,1
1023,24
1024,16
1025,20
1026,0
1027,11
1028,1
1029,9
1030,9
1031,4
1032,0
1033,8
1034,3
1035,14
1036,8
1037,1
1038,4
1039,49
1040,0
1041,0
1042,19
1043,8
1044,20
1045,3
1046,8
1047,27
1048,1
1049,9
1050,3
1051,16
1052,0
1053,0
1054,49
1055,11
1056,3
1057,40
1058,8
1059,0
1060,8
1061,8
1062,19
1063,4
1064,4
1065,1
1066,6
1067,8
1068,12
1069,8
1070,17
1071,0
1072,16
1073,3
1074,1
1075,12
1076,19
1077,96
1078,0
1079,0
1080,1
1081,3
1082,4
1083,0
1084,6
1085,0
1086,16
1087,6
1088,9
1089,16
1090,20
1091,0
1092,3
1093,0
1094,14
1095,8
1096,1
1097,14
1098,9
1099,0
1100,3
1101,51
1102,0
1103,0
1104,9
1105,6
1106,16
1107,9
1108,17
1109,0
1110,0
1111,8
1112,0
1113,0
1114,1
1115,0
1116,3
1117,4
1118,3
1119,36
1120,4
1121,40
1122,38
1123,62
1124,17
1125,1
1126,0
1127,0
1128,11
1129,27
1130,4
1131,14
1132,41
1133,1
1134,1
1135,0
1136,0
1137,17
1138,8
1139,3
1140,6
1141,6
1142,6
1143,3
1144,1
1145,8
1146,1
1147,4
1148,1
1149,1
1150,16
1151,28
1152,0
1153,6
1154,0
1155,4
1156,20
1157,51
1158,3
1159,1
1160,6
1161,32
1162,19
1163,11
1164,3
1165,0
1166,32
1167,12
1168,12
1169,1
1170,1
1171,43
1172,25
1173,3
1174,36
1175,0
1176,14
1177,3
1178,17
1179,4
1180,0
1181,1
1182,0
1183,0
1184,8
1185,6
1186,4
1187,16
1188,0
1189,36
1190,3
1191,9
1192,0
1193,0
1194,3
1195,12
1196,1
1197,0
1198,1
1199,38
1200,25
1201,0
1202,11
1203,0
1204,6
1205,25
1206,0
1207,0
1208,17
1209,11
1210,56
1211,4
1212,12
1213,75
1214,0
1215,9
1216,4
1217,14
1218,0
1219,16
1220,0
1221,0
1222,25
1223,0
1224,1
1225,48
1226,0
1227,1
1228,12
1229,0
1230,22
1231,3
1232,6
1233,3
1234,3
1235,22
1236,88
1237,11
1238,6
1239,12
1240,20
1241,11
1242,0
1243,12
1244,41
1245,0
1246,1
1247,16
1248,35
1249,16
1250,0
1251,0
1252,4
1253,22
1254,0
1255,3
1256,20
1257,22
1258,0
1259,35
1260,12
1261,11
1262,6
1263,110
1264,1
1265,11
1266,14
1267,0
1268,14
1269,20
1270,0
1271,0
1272,8
1273,6
1274,1
1275,16
1276,1
1277,4
1278,43
1279,9
1280,14
1281,14
1282,0
1283,0
1284,1
1285,0
1286,1
1287,0
1288,14
1289,6
1290,16
1291,4
1292,19
1293,6
1294,30
1295,0
1296,0
1297,0
1298,22
1299,14
1300,1
1301,20
1302,9
1303,33
1304,9
1305,20
1306,14
1307,0
1308,17
1309,0
1310,19
1311,0
1312,3
1313,3
1314,30
1315,4
1316,12
1317,3
1318,8
1319,0
1320,48
1321,9
1322,14
1323,8
1324,0
1325,0
1326,0
1327,6
1328,0
1329,4
1330,11
1331,4
1332,3
1333,12
1334,30
1335,16
1336,22
1337,20
1338,4
1339,17
1340,1
1341,12
1342,1
1343,20
1344,0
1345,12
1346,84
1347,0
1348,8
1349,3
1350,9
1351,0
1352,1
1353,19
1354,4
1355,6
1356,3
1357,14
1358,8
1359,9
1360,1
1361,8
1362,4
1363,16
1364,0
1365,4
1366,0
1367,0
1368,14
1369,8
1370,12
1371,0
1372,25
1373,0
1374,12
1375,8
1376,16
1377,19
1378,3
1379,6
1380,0
1381,4
1382,0
1383,8
1384,3
1385,1
1386,48
1387,1
1388,41
1389,6
1390,0
1391,0
1392,30
1393,14
1394,28
1395,17
1396,0
1397,27
1398,0
1399,1
1400,3
1401,0
1402,1
1403,62
1404,44
1405,0
1406,0
1407,0
1408,6
1409,14
1410,20
1411,14
1412,11
1413,4
1414,1
1415,8
1416,6
1417,6
1418,20
1419,1
1420,20
1421,0
1422,4
1423,0
1424,46
1425,9
1426,22
1427,14
1428,12
1429,17
1430,22
1431,0
1432,0
1433,0
1434,19
1435,0
1436,16
1437,9
1438,19
1439,1
1440,121
1441,1
1442,32
1443,6
1444,0
1445,9
1446,4
1447,0
1448,14
1449,6
1450,14
1451,11
1452,1
1453,19
1454,8
1455,1
1456,4
1457,0
1458,19
1459,0
1460,11
1461,14
1462,57
1463,8
1464,0
1465,4
1466,0
1467,4
1468,9
1469,51
1470,3
1471,1
1472,3
1473,8
1474,19
1475,0
1476,3
1477,14
1478,56
1479,4
1480,4
1481,1
1482,3
1483,4
1484,0
1485,38
1486,9
1487,9
1488,22
1489,3
1490,16
1491,0
1492,6
1493,0
1494,14
1495,0
1496,11
1497,1
1498,4
1499,17
1500,6
1501,12
1502,4
1503,4
1504,0
1505,0
1506,0
1507,1
1508,1
1509,0
1510,0
1511,3
1512,4
1513,0
1514,1
1515,0
1516,0
1517,8
1518,0
1519,4
1520,9
1521,0
1522,6
1523,11
1524,6
1525,48
1526,12
1527,9
1528,3
1529,6
1530,1
1531,35
1532,3
1533,3
1534,4
1535,8
1536,25
1537,1
1538,6
1539,1
1540,17
1541,11
1542,25
1543,6
1544,8
1545,3
1546,4
1547,14
1548,20
1549,1
1550,12
1551,14
1552,3
1553,14
1554,19
1555,3
1556,14
1557,12
1558,11
1559,14
1560,0
1561,1
1562,0
1563,3
1564,8
1565,12
1566,3
1567,12
1568,49
1569,9
1570,6
1571,6
1572,28
1573,1
1574,46
1575,8
1576,3
1577,19
1578,16
1579,11
1580,1
1581,4
1582,0
1583,48
1584,0
1585,6
1586,4
1587,57
1588,1
1589,0
1590,68
1591,25
1592,0
1593,14
1594,22
1595,0
1596,1
1597,3
1598,1
1599,4
1600,6
1601,3
1602,65
1603,22
1604,28
1605,0
1606,3
1607,27
1608,1
1609,28
1610,16
1611,1
1612,22
1613,9
1614,0
1615,4
1616,25
1617,49
1618,22
1619,17
1620,4
1621,3
1622,1
1623,3
1624,20
1625,17
1626,11
1627,20
1628,62
1629,1
1630,0
1631,0
1632,19
1633,1
1634,27
1635,32
1636,1
1637,16
1638,38
1639,1
1640,0
1641,12
1642,16
1643,1
1644,19
1645,14
1646,28
1647,20
1648,0
1649,0
1650,24
1651,12
1652,20
1653,1
1654,3
1655,3
1656,3
1657,0
1658,8
1659,1
1660,1
1661,4
1662,57
1663,24
1664,9
1665,11
1666,8
1667,12
1668,4
1669,30
1670,0
1671,0
1672,4
1673,1
1674,0
1675,1
1676,4
1677,4
1678,16
1679,0
1680,0
1681,14
1682,1
1683,25
1684,1
1685,12
1686,0
1687,28
1688,0
1689,128
1690,1
1691,6
1692,0
1693,9
1694,1
1695,0
1696,3
1697,4
1698,12
1699,0
1700,6
1701,1
1702,11
1703,9
1704,25
1705,12
1706,0
1707,16
1708,4
1709,0
1710,1
1711,1
1712,8
1713,12
1714,4
1715,17
1716,121
1717,0
1718,3
1719,3
1720,0
1721,16
1722,1
1723,25
1724,20
1725,1
1726,19
1727,9
1728,4
1729,11
1730,12
1731,0
1732,19
1733,4
1734,1
1735,8
1736,3
1737,1
1738,100
1739,9
1740,0
1741,22
1742,0
1743,27
1744,0
1745,0
1746,17
1747,3
1748,16
1749,0
1750,8
1751,4
1752,9
1753,8
1754,41
1755,28
1756,17
1757,17
1758,1
1759,27
1760,0
1761,4
1762,3
1763,43
1764,17
1765,3
1766,8
1767,0
1768,12
1769,0
1770,14
1771,3
1772,48
1773,0
1774,20
1775,0
1776,1
1777,8
1778,19
1779,11
1780,4
1781,0
1782,51
1783,1
1784,1
1785,4
1786,1
1787,1
1788,0
1789,11
1790,0
1791,19
1792,0
1793,0
1794,46
1795,0
1796,17
1797,0
1798,6
1799,0
1800,1
1801,8
1802,6
1803,1
1804,16
1805,8
1806,11
1807,1
1808,1
1809,0
1810,19
1811,11
1812,3
1813,4
1814,4
1815,3
1816,9
1817,17
1818,3
1819,6
1820,11
1821,3
1822,1
1823,14
1824,56
1825,0
1826,35
1827,11
1828,19
1829,22
1830,11
1831,11
1832,6
1833,25
1834,8
1835,11
1836,0
1837,0
1838,3
1839,0
1840,0
1841,9
1842,1
1843,35
1844,12
1845,1
1846,3
1847,16
1848,1
1849,9
1850,3
1851,1
1852,1
1853,59
1854,1
1855,3
1856,0
1857,20
1858,70
1859,1
1860,11
1861,22
1862,0
1863,0
1864,16
1865,1
1866,8
1867,8
1868,16
1869,11
1870,16
1871,9
1872,4
1873,8
1874,9
1875,8
1876,20
1877,20
1878,9
1879,8
1880,33
1881,4
1882,1
1883,12
1884,11
1885,4
1886,3
1887,20
1888,4
1889,4
1890,3
1891,9
1892,49
1893,1
1894,20
1895,1
1896,83
1897,4
1898,1
1899,14
1900,0
1901,33
1902,4
1903,3
1904,4
1905,219
1906,49
1907,40
1908,8
1909,12
1910,16
1911,0
1912,1
1913,1
1914,14
1915,6
1916,6
1917,6
1918,3
1919,25
1920,4
1921,0
1922,9
1923,12
1924,6
1925,33
1926,1
1927,41
1928,40
1929,0
1930,0
1931,16
1932,4
1933,1
1934,12
1935,44
1936,1
1937,8
1938,1
1939,14
1940,12
1941,4
1942,9
1943,0
1944,16
1945,6
1946,11
1947,6
1948,14
1949,4
1950,33
1951,14
1952,6
1953,8
1954,8
1955,12
1956,0
1957,8
1958,16
1959,40
1960,0
1961,0
1962,12
1963,38
1964,0
1965,25
1966,12
1967,12
1968,4
1969,6
1970,1
1971,19
1972,1
1973,11
1974,19
1975,14
1976,24
1977,11
1978,14
1979,6
1980,16
1981,25
1982,9
1983,1
1984,11
1985,4
1986,1
1987,20
1988,4
1989,8
1990,1
1991,3
1992,6
1993,9
1994,0
1995,14
1996,24
1997,3
1998,0
1999,4
2000,4
2001,19
2002,0
2003,0
2004,0
2005,1
2006,11
2007,6
2008,4
2009,22
2010,22
2011,14
2012,0
2013,0
2014,3
2015,4
2016,17
2017,35
2018,41
2019,4
2020,32
2021,0
2022,14
2023,12
2024,8
2025,0
2026,9
2027,68
2028,3
2029,14
2030,3
2031,0
2032,6
2033,8
2034,11
2035,6
2036,11
2037,11
2038,0
2039,8
2040,17
2041,3
2042,0
2043,6
2044,0
2045,1
2046,14
2047,3
2048,14
2049,19
2050,12
2051,0
2052,0
2053,12
2054,0
2055,6
2056,9
2057,8
2058,132
2059,0
2060,3
2061,0
2062,46
2063,11
2064,3
2065,20
2066,12
2067,6
2068,52
2069,4
2070,16
2071,8
2072,0
2073,24
2074,0
2075,0
2076,1
2077,3
2078,17
2079,3
2080,9
2081,4
2082,16
2083,0
2084,16
2085,0
2086,17
2087,6
2088,9
2089,1
2090,12
2091,56
2092,6
2093,0
2094,27
2095,0
2096,3
2097,4
2098,0
2099,12
2100,0
2101,35
2102,4
2103,17
2104,6
2105,14
2106,8
2107,6
2108,16
2109,59
2110,3
2111,20
2112,9
2113,1
2114,12
2115,43
2116,8
2117,6
2118,1
2119,33
2120,33
2121,3
2122,14
2123,17
2124,0
2125,0
2126,6
2127,9
2128,17
2129,1
2130,12
2131,1
2132,8
2133,16
2134,11
2135,43
2136,0
2137,20
2138,0
2139,11
2140,0
2141,11
2142,4
2143,3
2144,14
2145,0
2146,3
2147,3
2148,3
2149,0
2150,65
2151,0
2152,16
2153,33
2154,3
2155,0
2156,8
2157,49
2158,17
2159,4
2160,9
2161,4
2162,30
2163,14
2164,24
2165,1
2166,19
2167,51
2168,59
2169,0
2170,4
2171,14
2172,14
2173,4
2174,20
2175,22
2176,9
2177,0
2178,8
2179,16
2180,0
2181,3
2182,4
2183,129
2184,6
2185,1
2186,0
2187,1
2188,0
2189,3
2190,1
2191,11
2192,6
2193,177
2194,14
2195,4
2196,22
2197,1
2198,11
2199,14
2200,60
2201,0
2202,4
2203,9
2204,11
2205,3
2206,0
2207,0
2208,14
2209,8
2210,20
2211,9
2212,16
2213,19
2214,12
2215,3
2216,4
2217,16
2218,11
2219,20
2220,48
2221,0
2222,0
2223,20
2224,16
2225,0
2226,8
2227,9
2228,1
2229,0
2230,12
2231,8
2232,14
2233,51
2234,1
2235,1
2236,17
2237,1
2238,0
2239,19
2240,1
2241,17
2242,8
2243,3
2244,6
2245,0
2246,0
2247,16
2248,12
2249,3
2250,6
2251,1
2252,3
2253,46
2254,17
2255,35
2256,6
2257,33
2258,46
2259,11
2260,3
2261,17
2262,0
2263,0
2264,14
2265,1
2266,20
2267,6
2268,68
2269,8
2270,4
2271,4
2272,1
2273,12
2274,3
2275,16
2276,1
2277,57
2278,6
2279,0
2280,4
2281,27
2282,0
2283,12
2284,11
2285,46
2286,11
2287,4
2288,4
2289,4
2290,19
2291,4
2292,0
2293,0
2294,8
2295,4
2296,44
2297,19
2298,1
2299,3
2300,0
2301,3
2302,4
2303,11
2304,32
2305,9
2306,0
2307,8
2308,16
2309,43
2310,19
2311,49
2312,6
2313,3
2314,0
2315,8
2316,1
2317,8
2318,0
2319,8
2320,1
2321,1
2322,6
2323,16
2324,0
2325,16
2326,4
2327,12
2328,32
2329,1
2330,0
2331,12
2332,1
2333,27
2334,4
2335,8
2336,3
2337,14
2338,0
2339,0
2340,20
2341,11
2342,8
2343,6
2344,9
2345,0
2346,0
2347,19
2348,22
2349,0
2350,0
2351,6
2352,14
2353,14
2354,24
2355,16
2356,14
2357,36
2358,6
2359,9
2360,14
2361,3
2362,6
2363,0
2364,30
2365,43
2366,0
2367,4
2368,8
2369,1
2370,4
2371,8
2372,9
2373,97
2374,3
2375,44
2376,1
2377,33
2378,1
2379,1
2380,6
2381,19
2382,14
2383,28
2384,6
2385,14
2386,43
2387,9
2388,28
2389,0
2390,28
2391,0
2392,12
2393,0
2394,16
2395,3
2396,9
2397,6
2398,22
2399,0
2400,28
2401,0
2402,8
2403,9
2404,16
2405,17
2406,20
2407,35
2408,0
2409,6
2410,11
2411,14
2412,17
2413,22
2414,6
2415,9
2416,1
2417,17
2418,6
2419,19
2420,9
2421,0
2422,12
2423,24
2424,0
2425,0
2426,4
2427,11
2428,1
2429,0
2430,8
2431,4
2432,12
2433,20
2434,9
2435,6
2436,9
2437,3
2438,19
2439,33
2440,0
2441,16
2442,12
2443,0
2444,0
2445,19
2446,1
2447,4
2448,12
2449,4
2450,14
2451,19
2452,1
2453,4
2454,4
2455,8
2456,4
2457,12
2458,4
2459,22
2460,9
2461,16
2462,65
2463,1
2464,0
2465,3
2466,4
2467,3
2468,0
2469,11
2470,20
2471,16
2472,12
2473,41
2474,0
2475,17
2476,1
2477,11
2478,1
2479,16
2480,3
2481,0
2482,12
2483,1
2484,44
2485,0
2486,0
2487,17
2488,1
2489,19
2490,1
2491,121
2492,3
2493,49
2494,1
2495,19
2496,0
2497,3
2498,35
2499,70
2500,0
2501,0
2502,0
2503,17
2504,32
2505,11
2506,12
2507,12
2508,14
2509,44
2510,22
2511,1
2512,4
2513,14
2514,33
2515,4
2516,11
2517,0
2518,3
2519,68
2520,12
2521,6
2522,89
2523,4
2524,0
2525,4
2526,41
2527,1
2528,8
2529,3
2530,3
2531,3
2532,4
2533,3
2534,3
2535,8
2536,0
2537,6
2538,14
2539,1
2540,17
2541,6
2542,0
2543,0
2544,19
2545,1
2546,8
2547,11
2548,8
2549,0
2550,9
2551,0
2552,11
2553,14
2554,4
2555,3
2556,0
2557,0
2558,3
2559,1
2560,16
2561,0
2562,17
2563,0
2564,0
2565,27
2566,8
2567,12
2568,1
2569,1
2570,3
2571,0
2572,4
2573,3
2574,3
2575,0
2576,0
2577,0
2578,1
2579,0
2580,0
2581,43
2582,14
2583,1
2584,0
2585,19
2586,16
2587,3
2588,0
2589,14
2590,33
2591,16
2592,54
2593,3
2594,1
2595,14
2596,32
2597,44
2598,6
2599,17
2600,3
2601,11
2602,0
2603,8
2604,16
2605,22
2606,1
2607,48
2608,1
2609,17
2610,32
2611,6
2612,8
2613,14
2614,17
2615,19
2616,19
2617,12
2618,8
2619,4
2620,1
2621,9
2622,0
2623,0
2624,14
2625,3
2626,32
2627,44
2628,17
2629,3
2630,19
2631,0
2632,11
2633,1
2634,3
2635,11
2636,0
2637,12
2638,1
2639,8
2640,3
2641,16
2642,3
2643,3
2644,32
2645,16
2646,11
2647,0
2648,12
2649,3
2650,1
2651,1
2652,12
2653,16
2654,8
2655,3
2656,1
2657,9
2658,8
2659,0
2660,65
2661,41
2662,12
2663,8
2664,3
2665,32
2666,41
2667,0
2668,11
2669,8
2670,24
2671,28
2672,12
2673,11
2674,4
2675,6
2676,0
2677,0
2678,6
2679,62
2680,20
2681,1
2682,11
2683,14
2684,0
2685,3
2686,12
2687,22
2688,28
2689,22
2690,6
2691,19
2692,12
2693,4
2694,41
2695,8
2696,16
2697,17
2698,52
2699,3
2700,1
2701,8
2702,9
2703,22
2704,19
2705,24
2706,0
2707,12
2708,12
2709,4
2710,11
2711,0
2712,0
2713,3
2714,19
2715,4
2716,0
2717,3
2718,12
2719,0
2720,4
2721,12
2722,51
2723,0
2724,0
2725,0
2726,14
2727,0
2728,3
2729,0
2730,11
2731,0
2732,1
2733,3
2734,1
2735,17
2736,0
2737,1
2738,4
2739,11
2740,24
2741,19
2742,91
2743,41
2744,0
2745,0
2746,1
2747,17
2748,6
2749,6
2750,22
2751,1
2752,1
2753,0
2754,38
2755,0
2756,1
2757,12
2758,25
2759,0
2760,6
2761,41
2762,4
2763,1
2764,1
2765,1
2766,6
2767,6
2768,22
2769,0
2770,6
2771,49
2772,1
2773,9
2774,0
2775,0
2776,9
2777,12
2778,9
2779,11
2780,1
2781,1
2782,116
2783,14
2784,3
2785,6
2786,20
2787,1
2788,0
2789,0
2790,6
2791,6
2792,32
2793,1
2794,9
2795,4
2796,6
2797,6
2798,36
2799,4
2800,8
2801,16
2802,0
2803,35
2804,11
2805,4
2806,28
2807,0
2808,16
2809,1
2810,0
2811,11
2812,8
2813,8
2814,8
2815,0
2816,12
2817,14
2818,11
2819,24
2820,0
2821,11
2822,12
2823,4
2824,0
2825,81
2826,14
2827,4
2828,4
2829,3
2830,9
2831,3
2832,11
2833,4
2834,11
2835,1
2836,12
2837,41
2838,8
2839,9
2840,11
2841,17
2842,3
2843,28
2844,86
2845,35
2846,19
2847,9
2848,4
2849,20
2850,3
2851,28
2852,64
2853,3
2854,11
2855,4
2856,12
2857,56
2858,0
2859,1
2860,0
2861,1
2862,3
2863,4
2864,1
2865,0
2866,12
2867,24
2868,3
2869,0
2870,3
2871,4
2872,4
2873,0
2874,0
2875,8
2876,14
2877,3
2878,0
2879,1
2880,6
2881,12
2882,8
2883,4
2884,1
2885,11
2886,17
2887,9
2888,8
2889,11
2890,9
2891,4
2892,4
2893,0
2894,0
2895,0
2896,4
2897,32
2898,20
2899,9
2900,0
2901,6
2902,14
2903,0
2904,0
2905,9
2906,0
2907,1
2908,1
2909,8
2910,6
2911,16
2912,16
2913,6
2914,4
2915,4
2916,14
2917,12
2918,4
2919,0
2920,0
2921,4
2922,6
2923,14
2924,19
2925,12
2926,6
2927,3
2928,3
2929,14
2930,16
2931,3
2932,8
2933,17
2934,0
2935,51
2936,0
2937,9
2938,9
2939,0
2940,1
2941,4
2942,0
2943,11
2944,1
2945,4
2946,1
2947,6
2948,12
2949,4
2950,6
2951,8
2952,4
2953,150
2954,1
2955,0
2956,4
2957,1
2958,89
2959,0
2960,17
2961,9
2962,9
2963,0
2964,1
2965,75
2966,0
2967,12
2968,22
2969,24
2970,11
2971,1
2972,1
2973,8
2974,14
2975,6
2976,19
2977,0
2978,6
2979,0
2980,8
2981,8
2982,19
2983,1
2984,24
2985,27
2986,22
2987,1
2988,43
2989,0
2990,4
2991,19
2992,0
2993,16
2994,1
2995,30
2996,0
2997,3
2998,0
2999,17
3000,6
3001,11
3002,1
3003,20
3004,8
3005,1
3006,0
3007,0
3008,3
3009,4
3010,22
3011,12
3012,1
3013,44
3014,17
3015,3
3016,0
3017,17
3018,28
3019,3
3020,3
3021,1
3022,4
3023,6
3024,17
3025,4
3026,105
3027,8
3028,56
3029,22
3030,3
3031,30
3032,30
3033,1
3034,1
3035,3
3036,14
3037,0
3038,3
3039,4
3040,0
3041,3
3042,8
3043,20
3044,22
3045,8
3046,78
3047,1
3048,1
3049,0
3050,11
3051,1
3052,1
3053,1
3054,6
3055,4
3056,3
3057,12
3058,0
3059,25
3060,0
3061,3
3062,25
3063,6
3064,16
3065,16
3066,16
3067,3
3068,8
3069,0
3070,9
3071,1
3072,20
3073,0
3074,1
3075,11
3076,1
3077,0
3078,20
3079,17
3080,4
3081,6
3082,11
3083,12
3084,8
3085,32
3086,6
3087,3
3088,1
3089,3
3090,0
3091,3
3092,0
3093,0
3094,12
3095,0
3096,8
3097,12
3098,12
3099,0
3100,20
3101,0
3102,3
3103,17
3104,6
3105,1
3106,1
3107,22
3108,6
3109,0
3110,8
3111,3
3112,4
3113,1
3114,40
3115,1
3116,6
3117,0
3118,0
3119,24
3120,0
3121,0
3122,19
3123,3
3124,3
3125,3
3126,73
3127,11
3128,17
3129,27
3130,43
3131,0
3132,14
3133,22
3134,0
3135,28
3136,8
3137,3
3138,8
3139,8
3140,16
3141,17
3142,14
3143,11
3144,27
3145,38
3146,9
3147,17
3148,6
3149,14
3150,1
3151,22
3152,22
3153,12
3154,4
3155,6
3156,1
3157,1
3158,14
3159,3
3160,6
3161,56
3162,6
3163,14
3164,6
3165,52
3166,9
3167,0
3168,4
3169,3
3170,4
3171,9
3172,52
3173,36
3174,11
3175,24
3176,12
3177,6
3178,6
3179,0
3180,11
3181,1
3182,14
3183,14
3184,4
3185,12
3186,0
3187,0
3188,9
3189,28
3190,9
3191,25
3192,0
3193,1
3194,16
3195,49
3196,43
3197,27
3198,17
3199,20
3200,1
3201,6
3202,8
3203,1
3204,16
3205,6
3206,28
3207,16
3208,0
3209,11
3210,3
3211,43
3212,4
3213,0
3214,0
3215,1
3216,4
3217,40
3218,17
3219,20
3220,4
3221,4
3222,32
3223,57
3224,3
3225,4
3226,3
3227,9
3228,0
3229,0
3230,1
3231,16
3232,9
3233,14
3234,1
3235,17
3236,16
3237,3
3238,41
3239,11
3240,0
3241,1
3242,14
3243,16
3244,16
3245,1
3246,0
3247,6
3248,48
3249,6
3250,0
3251,8
3252,1
3253,12
3254,0
3255,54
3256,16
3257,1
3258,12
3259,38
3260,1
3261,3
3262,1
3263,1
3264,16
3265,8
3266,6
3267,1
3268,22
3269,25
3270,8
3271,3
3272,0
3273,11
3274,0
3275,8
3276,19
3277,6
3278,1
3279,4
3280,11
3281,8
3282,4
3283,4
3284,11
3285,4
3286,0
3287,51
3288,8
3289,1
3290,8
3291,11
3292,12
3293,38
3294,0
3295,1
3296,56
3297,3
3298,17
3299,12
3300,0
3301,8
3302,9
3303,6
3304,0
3305,28
3306,0
3307,19
3308,6
3309,3
3310,35
3311,16
3312,12
3313,17
3314,4
3315,4
3316,4
3317,32
3318,12
3319,36
3320,11
3321,22
3322,0
3323,3
3324,3
3325,4
3326,1
3327,8
3328,12
3329,0
3330,1
3331,0
3332,75
3333,54
3334,46
3335,60
3336,0
3337,22
3338,11
3339,0
3340,4
3341,1
3342,1
3343,4
3344,8
3345,17
3346,0
3347,1
3348,1
3349,52
3350,24
3351,8
3352,14
3353,0
3354,0
3355,88
3356,1
3357,6
3358,4
3359,1
3360,8
3361,6
3362,1
3363,0
3364,4
3365,6
3366,3
3367,11
3368,9
3369,3
3370,8
3371,6
3372,8
3373,32
3374,28
3375,6
3376,3
3377,17
3378,9
3379,3
3380,11
3381,1
3382,11
3383,8
3384,0
3385,6
3386,6
3387,32
3388,8
3389,25
3390,8
3391,4
3392,0
3393,0
3394,0
3395,0
3396,14
3397,0
3398,6
3399,25
3400,4
3401,4
3402,24
3403,0
3404,9
3405,0
3406,4
3407,11
3408,8
3409,12
3410,3
3411,14
3412,9
3413,16
3414,8
3415,19
3416,0
3417,32
3418,1
3419,1
3420,19
3421,16
3422,51
3423,8
3424,6
3425,1
3426,4
3427,6
3428,1
3429,1
3430,8
3431,3
3432,8
3433,6
3434,14
3435,3
3436,12
3437,3
3438,12
3439,0
3440,6
3441,0
3442,0
3443,27
3444,1
3445,0
3446,3
3447,4
3448,25
3449,57
3450,9
3451,6
3452,0
3453,1
3454,0
3455,1
3456,16
3457,6
3458,17
3459,14
3460,0
3461,12
3462,16
3463,0
3464,1
3465,9
3466,27
3467,0
3468,8
3469,3
3470,3
3471,0
3472,4
3473,6
3474,20
3475,0
3476,8
3477,11
3478,12
3479,9
3480,3
3481,0
3482,0
3483,3
3484,46
3485,0
3486,1
3487,1
3488,0
3489,1
3490,6
3491,3
3492,12
3493,3
3494,11
3495,6
3496,0
3497,3
3498,4
3499,16
3500,17
3501,4
3502,4
3503,3
3504,9
3505,6
3506,3
3507,9
3508,12
3509,1
3510,3
3511,4
3512,4
3513,16
3514,14
3515,3
3516,11
3517,1
3518,6
3519,4
3520,6
3521,19
3522,12
3523,4
3524,11
3525,0
3526,33
3527,1
3528,41
3529,60
3530,0
3531,0
3532,16
3533,3
3534,0
3535,0
3536,12
3537,12
3538,80
3539,0
3540,17
3541,1
3542,8
3543,8
3544,11
3545,6
3546,4
3547,1
3548,28
3549,44
3550,1
3551,0
3552,14
3553,0
3554,0
3555,65
3556,49
3557,0
3558,1
3559,4
3560,24
3561,40
3562,22
3563,6
3564,3
3565,11
3566,9
3567,48
3568,8
3569,0
3570,0
3571,1
3572,1
3573,14
3574,3
3575,158
3576,0
3577,0
3578,3
3579,25
3580,35
3581,20
3582,6
3583,1
3584,22
3585,0
3586,0
3587,9
3588,1
3589,35
3590,4
3591,1
3592,1
3593,12
3594,14
3595,14
3596,0
3597,49
3598,24
3599,8
3600,0
3601,16
3602,3
3603,1
3604,14
3605,16
3606,1
3607,19
3608,8
3609,9
3610,8
3611,4
3612,3
3613,1
3614,1
3615,17
3616,11
3617,6
3618,19
3619,3
3620,32
3621,19
3622,0
3623,28
3624,1
3625,14
3626,0
3627,1
3628,4
3629,3
3630,1
3631,51
3632,27
3633,27
3634,14
3635,3
3636,0
3637,0
3638,0
3639,0
3640,8
3641,3
3642,0
3643,3
3644,0
3645,54
3646,6
3647,3
3648,44
3649,11
3650,24
3651,16
3652,20
3653,4
3654,14
3655,4
3656,0
3657,4
3658,17
3659,0
3660,0
3661,1
3662,0
3663,3
3664,11
3665,6
3666,1
3667,0
3668,3
3669,27
3670,3
3671,0
3672,3
3673,19
3674,1
3675,3
3676,30
3677,0
3678,3
3679,14
3680,8
3681,0
3682,0
3683,6
3684,1
3685,1
3686,11
3687,14
3688,11
3689,14
3690,11
3691,0
3692,30
3693,19
3694,6
3695,0
3696,4
3697,9
3698,1
3699,46
3700,4
3701,14
3702,28
3703,1
3704,1
3705,0
3706,0
3707,0
3708,3
3709,0
3710,0
3711,1
3712,20
3713,1
3714,6
3715,6
3716,1
3717,35
3718,4
3719,20
3720,1
3721,4
3722,12
3723,1
3724,32
3725,49
3726,1
3727,24
3728,6
3729,46
3730,30
3731,14
3732,8
3733,1
3734,8
3735,4
3736,11
3737,9
3738,28
3739,17
3740,20
3741,14
3742,49
3743,14
3744,48
3745,14
3746,0
3747,25
3748,36
3749,4
3750,3
3751,0
3752,6
3753,25
3754,80
3755,14
3756,3
3757,9
3758,24
3759,0
3760,12
3761,0
3762,0
3763,24
3764,0
3765,3
3766,0
3767,20
3768,8
3769,17
3770,3
3771,1
3772,1
3773,16
3774,40
3775,0
3776,14
3777,20
3778,1
3779,0
3780,62
3781,3
3782,48
3783,1
3784,6
3785,16
3786,25
3787,0
3788,1
3789,30
3790,11
3791,16
3792,11
3793,8
3794,1
3795,8
3796,11
3797,12
3798,0
3799,0
3800,6
3801,56
3802,38
3803,51
3804,11
3805,25
3806,0
3807,3
3808,8
3809,38
3810,0
3811,32
3812,4
3813,0
3814,4
3815,4
3816,19
3817,0
3818,11
3819,25
3820,0
3821,8
3822,17
3823,4
3824,3
3825,24
3826,9
3827,0
3828,6
3829,0
3830,8
3831,1
3832,48
3833,35
3834,19
3835,22
3836,4
3837,0
3838,0
3839,1
3840,1
3841,4
3842,8
3843,43
3844,0
3845,22
3846,14
3847,9
3848,4
3849,6
3850,3
3851,0
3852,0
3853,0
3854,1
3855,54
3856,4
3857,0
3858,0
3859,1
3860,0
3861,1
3862,48
3863,51
3864,1
3865,36
3866,0
3867,25
3868,16
3869,4
3870,8
3871,4
3872,1
3873,3
3874,19
3875,17
3876,1
3877,3
3878,0
3879,4
3880,52
3881,3
3882,0
3883,6
3884,3
3885,4
3886,1
3887,4
3888,19
3889,3
3890,17
3891,0
3892,17
3893,0
3894,6
3895,9
3896,3
3897,0
3898,9
3899,28
3900,14
3901,19
3902,6
3903,1
3904,6
3905,0
3906,19
3907,16
3908,3
3909,6
3910,11
3911,16
3912,16
3913,8
3914,0
3915,0
3916,20
3917,11
3918,0
3919,16
3920,6
3921,3
3922,3
3923,8
3924,0
3925,0
3926,14
3927,1
3928,1
3929,0
3930,20
3931,6
3932,1
3933,1
3934,24
3935,9
3936,28
3937,1
3938,0
3939,24
3940,1
3941,4
3942,0
3943,3
3944,0
3945,11
3946,1
3947,3
3948,12
3949,8
3950,1
3951,0
3952,4
3953,0
3954,0
3955,3
3956,20
3957,11
3958,3
3959,16
3960,8
3961,4
3962,4
3963,0
3964,12
3965,1
3966,0
3967,0
3968,60
3969,9
3970,1
3971,0
3972,27
3973,0
3974,4
3975,4
3976,8
3977,1
3978,52
3979,11
3980,0
3981,14
3982,0
3983,0
3984,14
3985,3
3986,12
3987,1
3988,25
3989,17
3990,3
3991,9
3992,8
3993,14
3994,0
3995,1
3996,3
3997,3
3998,14
3999,12
4000,1
4001,9
4002,28
4003,27
4004,57
4005,4
4006,0
4007,17
4008,30
4009,11
4010,0
4011,36
4012,9
4013,17
4014,49
4015,14
4016,1
4017,3
4018,30
4019,9
4020,1
4021,9
4022,12
4023,12
4024,14
4025,14
4026,32
4027,17
4028,19
4029,1
4030,4
4031,12
4032,0
4033,8
4034,3
4035,1
4036,9
4037,9
4038,14
4039,0
4040,8
4041,8
4042,25
4043,12
4044,33
4045,4
4046,4
4047,8
4048,11
4049,6
4050,16
4051,11
4052,3
4053,3
4054,8
4055,4
4056,0
4057,51
4058,16
4059,0
4060,4
4061,0
4062,57
4063,1
4064,8
4065,0
4066,12
4067,0
4068,9
4069,8
4070,4
4071,8
4072,46
4073,9
4074,46
4075,25
4076,0
4077,1
4078,9
4079,0
4080,1
4081,0
4082,16
4083,11
4084,152
4085,40
4086,3
4087,6
4088,8
4089,12
4090,0
4091,6
4092,0
4093,3
4094,12
4095,8
4096,6
4097,0
4098,4
4099,19
4100,14
4101,6
4102,4
4103,14
4104,1
4105,0
4106,6
4107,0
4108,1
4109,4
4110,6
4111,4
4112,8
4113,9
4114,27
4115,11
4116,9
4117,0
4118,0
4119,1
4120,1
4121,4
4122,11
4123,6
4124,0
4125,8
4126,76
4127,1
4128,0
4129,0
4130,4
4131,0
4132,6
4133,0
4134,9
4135,1
4136,19
4137,11
4138,12
4139,3
4140,0
4141,12
4142,27
4143,0
4144,57
4145,8
4146,20
4147,0
4148,9
4149,8
4150,8
4151,11
4152,0
4153,9
4154,19
4155,14
4156,16
4157,4
4158,1
4159,6
4160,19
4161,17
4162,33
4163,6
4164,48
4165,17
4166,19
4167,8
4168,4
4169,22
4170,0
4171,1
4172,14
4173,19
4174,6
4175,8
4176,1
4177,0
4178,9
4179,11
4180,1
4181,3
4182,0
4183,0
4184,0
4185,6
4186,8
4187,1
4188,8
4189,0
4190,4
4191,36
4192,0
4193,28
4194,1
4195,6
4196,9
4197,4
4198,4
4199,0
4200,4
4201,0
4202,16
4203,11
4204,8
4205,9
4206,19
4207,16
4208,6
4209,12
4210,16
4211,17
4212,4
4213,8
4214,0
4215,1
4216,4
4217,4
4218,0
4219,1
4220,0
4221,6
4222,16
4223,27
4224,0
4225,12
4226,1
4227,0
4228,6
4229,0
4230,0
4231,14
4232,1
4233,3
4234,28
4235,4
4236,3
4237,25
4238,24
4239,25
4240,25
4241,44
4242,11
4243,14
4244,0
4245,1
4246,11
4247,11
4248,0
4249,28
4250,16
4251,0
4252,0
4253,0
4254,6
4255,0
4256,0
4257,12
4258,20
4259,16
4260,0
4261,6
4262,6
4263,0
4264,48
4265,0
4266,1
4267,6
4268,0
4269,52
4270,11
4271,25
4272,1
4273,8
4274,6
4275,0
4276,19
4277,0
4278,19
4279,0
4280,25
4281,6
4282,25
4283,4
4284,6
4285,12
4286,3
4287,0
4288,1
4289,1
4290,16
4291,12
4292,6
4293,16
4294,19
4295,3
4296,3
4297,6
4298,75
4299,0
4300,1
4301,28
4302,22
4303,3
4304,8
4305,6
